{"cameraMode":{"drawMode":0,"name":"Shaded","section":"Shading Mode"},"sceneLighting":true,"audioPlay":false,"sceneViewState":{"showFog":true,"showMaterialUpdate":true,"showSkybox":true,"showFlares":true,"showImageEffects":true,"showParticleSystems":true},"in2DMode":false,"pivot":{"x":-47.14025115966797,"y":-238.9374542236328,"z":628.6341552734375},"rotation":{"x":0.18374276161193849,"y":-0.015914736315608026,"z":0.002973775612190366,"w":0.9828410744667053},"size":730.12060546875,"orthographic":false}