{"cameraMode":{"drawMode":0,"name":"Shaded","section":"Shading Mode"},"sceneLighting":true,"audioPlay":false,"sceneViewState":{"showFog":true,"showMaterialUpdate":true,"showSkybox":true,"showFlares":true,"showImageEffects":true,"showParticleSystems":true},"in2DMode":false,"pivot":{"x":1.6856489181518555,"y":-217.13980102539063,"z":659.5853881835938},"rotation":{"x":0.15864448249340058,"y":0.00030504565802402794,"z":-0.000050490354624344036,"w":0.987335741519928},"size":730.12060546875,"orthographic":false}