{"cameraMode":{"drawMode":0,"name":"Shaded","section":"Shading Mode"},"sceneLighting":true,"audioPlay":false,"sceneViewState":{"showFog":true,"showMaterialUpdate":true,"showSkybox":true,"showFlares":true,"showImageEffects":true,"showParticleSystems":true},"in2DMode":false,"pivot":{"x":7.6706390380859379,"y":-264.5577697753906,"z":86.81979370117188},"rotation":{"x":0.5874631404876709,"y":0.04026574641466141,"z":-0.029286833480000497,"w":0.8077178597450256},"size":294.5071105957031,"orthographic":false}